{ "stream":"snd/sprite", "sprite": { "silence": [ 0, 100, true ], "BtnSound": [ 200, 160.63492063492063 ], "collected": [ 1299.9999999999998, 3000 ], "deal": [ 4399.999999999999, 212.69841269841282 ], "fon": [ 5500, 66333.60544217688 ], "put": [ 72600, 229.93197278911737 ], "take": [ 73700, 154.3083900226776 ] } }
