{
  "resources": [
    "../assets/audio/audiosprite.mp3"
  ],
  "spritemap": {
    "ball_disappear": {
      "start": 0,
      "end": 0.2343764172335601,
      "loop": false
    },
    "bat_throw_air": {
      "start": 2,
      "end": 2.741768707482993,
      "loop": false
    },
    "bounce_ground": {
      "start": 4,
      "end": 4.1912925170068025,
      "loop": false
    },
    "celebration_1": {
      "start": 6,
      "end": 9.448163265306123,
      "loop": false
    },
    "celebration_2": {
      "start": 11,
      "end": 14.448163265306123,
      "loop": false
    },
    "celebration_3": {
      "start": 16,
      "end": 19.213061224489795,
      "loop": false
    },
    "celebration_4": {
      "start": 21,
      "end": 23.220408163265304,
      "loop": false
    },
    "click": {
      "start": 25,
      "end": 25.14170068027211,
      "loop": false
    },
    "click_btn_shop_buy": {
      "start": 27,
      "end": 27.641768707482992,
      "loop": false
    },
    "coins_frenzy": {
      "start": 29,
      "end": 35.89845804988662,
      "loop": false
    },
    "countdown": {
      "start": 37,
      "end": 37.86641723356009,
      "loop": false
    },
    "countdown_final": {
      "start": 39,
      "end": 40.35378684807256,
      "loop": false
    },
    "crowd_fail": {
      "start": 42,
      "end": 43.776326530612245,
      "loop": false
    },
    "fairy_squish": {
      "start": 45,
      "end": 46.197868480725624,
      "loop": false
    },
    "first_foul": {
      "start": 48,
      "end": 48.5,
      "loop": false
    },
    "gameover_scream": {
      "start": 50,
      "end": 52.07235827664399,
      "loop": false
    },
    "hit_01_alt": {
      "start": 54,
      "end": 54.70063492063492,
      "loop": false
    },
    "hit_02_alt": {
      "start": 56,
      "end": 56.70063492063492,
      "loop": false
    },
    "hit_coin": {
      "start": 58,
      "end": 59.82256235827664,
      "loop": false
    },
    "hit_explode": {
      "start": 61,
      "end": 63.76897959183673,
      "loop": false
    },
    "hit_gameover": {
      "start": 65,
      "end": 65.59637188208617,
      "loop": false
    },
    "hit_homerun_complete": {
      "start": 67,
      "end": 68.02224489795918,
      "loop": false
    },
    "hit_miss": {
      "start": 70,
      "end": 70.94138321995464,
      "loop": false
    },
    "hit_tomato": {
      "start": 72,
      "end": 73.20721088435374,
      "loop": false
    },
    "last_foul": {
      "start": 75,
      "end": 76.19775510204082,
      "loop": false
    },
    "on_fire_end": {
      "start": 78,
      "end": 81.79401360544217,
      "loop": false
    },
    "on_fire_loop": {
      "start": 83,
      "end": 91.09795918367347,
      "loop": true
    },
    "on_fire_start": {
      "start": 93,
      "end": 95.06238095238095,
      "loop": false
    },
    "second_foul": {
      "start": 97,
      "end": 98,
      "loop": false
    },
    "splash_title_temp": {
      "start": 99,
      "end": 102.409410430839,
      "loop": false
    },
    "stadium_loop": {
      "start": 104,
      "end": 116.51265306122448,
      "loop": true
    },
    "swish_01": {
      "start": 118,
      "end": 118.09421768707483,
      "loop": false
    },
    "swish_02": {
      "start": 120,
      "end": 120.09045351473922,
      "loop": false
    },
    "swish_03": {
      "start": 122,
      "end": 122.13249433106576,
      "loop": false
    },
    "swish_04": {
      "start": 124,
      "end": 124.13945578231292,
      "loop": false
    },
    "temp_curve_ball": {
      "start": 126,
      "end": 127.01877551020408,
      "loop": false
    }
  }
}